barcode,code_assays,plate,wellLocation,sex,alleleSymbol,alleleKey,assayKey,passFail,seqName1,seqName2,seqName3,seqName4,seqName5,seqName6,seqName7,efficiency,alleleRatio,alleleRatioAdjusted,genotype,args,reason
M035658200149,M035658200149;R26-tdTomato,96990,B8,F,Gt(ROSA)26Sor:TdTom,386,2158,pass,,,,,,,,0,0,0,?,Y,
M035658300150,M035658300150;R26-tdTomato,96990,C8,F,Gt(ROSA)26Sor:TdTom,386,2158,pass,,,,,,,,0,0,0,?,Y,
M035659700152,M035659700152;Pvalb-cre,96990,E8,F,Pvalb:Cre,1223,2342,pass,,,,,,,,0,0,0,?,Y,
M035659700152,M035659700152;R26-tdTomato,96990,E8,F,Gt(ROSA)26Sor:TdTom,386,2158,pass,,,,,,,,0,0,0,?,Y,
M035659800153,M035659800153;Pvalb-cre,96990,F8,F,Pvalb:Cre,1223,2342,pass,,,,,,,,0,0,0,?,Y,
M035659800153,M035659800153;R26-tdTomato,96990,F8,F,Gt(ROSA)26Sor:TdTom,386,2158,pass,,,,,,,,0,0,0,?,Y,
M035659900154,M035659900154;R26-tdTomato,96990,G8,F,Gt(ROSA)26Sor:TdTom,386,2158,pass,,,,,,,,0,0,0,?,Y,
M035660000155,M035660000155;R26-tdTomato,96990,H8,F,Gt(ROSA)26Sor:TdTom,386,2158,pass,,,,,,,,0,0,0,?,Y,
M035660100156,M035660100156;Pvalb-cre,96990,A9,M,Pvalb:Cre,1223,2342,pass,,,,,,,,0,0,0,?,Y,
M035660100156,M035660100156;R26-tdTomato,96990,A9,M,Gt(ROSA)26Sor:TdTom,386,2158,pass,,,,,,,,0,0,0,?,Y,
M035660200157,M035660200157;R26-tdTomato,96990,B9,M,Gt(ROSA)26Sor:TdTom,386,2158,pass,,,,,,,,0,0,0,?,Y,
M035660300158,M035660300158;Pvalb-cre,96990,C9,M,Pvalb:Cre,1223,2342,pass,,,,,,,,0,0,0,?,Y,
M035660300158,M035660300158;R26-tdTomato,96990,C9,M,Gt(ROSA)26Sor:TdTom,386,2158,pass,,,,,,,,0,0,0,?,Y,
M035660400159,M035660400159;Pvalb-cre,96990,D9,M,Pvalb:Cre,1223,2342,pass,,,,,,,,0,0,0,?,Y,
M035660400159,M035660400159;R26-tdTomato,96990,D9,M,Gt(ROSA)26Sor:TdTom,386,2158,pass,,,,,,,,0,0,0,?,Y,
M035660500160,M035660500160;R26-tdTomato,96990,E9,M,Gt(ROSA)26Sor:TdTom,386,2158,pass,,,,,,,,0,0,0,?,Y,
M035660600161,M035660600161;Pvalb-cre,96990,F9,M,Pvalb:Cre,1223,2342,pass,,,,,,,,0,0,0,?,Y,
M035660600161,M035660600161;R26-tdTomato,96990,F9,M,Gt(ROSA)26Sor:TdTom,386,2158,pass,,,,,,,,0,0,0,?,Y,
M035691400206,M035691400206;Cntnap2-KO,96990,F10,F,Cntnap2:KO,412,2275,pass,,,,,,,,0,0,0,?,Y,
M035691400206,M035691400206;Pvalb-cre,96990,F10,F,Pvalb:Cre,1223,2342,pass,,,,,,,,0,0,0,?,Y,
M035691500207,M035691500207;Cntnap2-KO,96990,G10,F,Cntnap2:KO,412,2275,pass,,,,,,,,0,0,0,?,Y,
M035691500207,M035691500207;Pvalb-cre,96990,G10,F,Pvalb:Cre,1223,2342,pass,,,,,,,,0,0,0,?,Y,
M035691700209,M035691700209;Cntnap2-KO,96990,G9,M,Cntnap2:KO,412,2275,pass,,,,,,,,0,0,0,?,Y,
M035691700209,M035691700209;Pvalb-cre,96990,G9,M,Pvalb:Cre,1223,2342,pass,,,,,,,,0,0,0,?,Y,
M035691800210,M035691800210;Cntnap2-KO,96990,H9,M,Cntnap2:KO,412,2275,pass,,,,,,,,0,0,0,?,Y,
M035691800210,M035691800210;Pvalb-cre,96990,H9,M,Pvalb:Cre,1223,2342,pass,,,,,,,,0,0,0,?,Y,
M035691900211,M035691900211;Cntnap2-KO,96990,A10,M,Cntnap2:KO,412,2275,pass,,,,,,,,0,0,0,?,Y,
M035691900211,M035691900211;Pvalb-cre,96990,A10,M,Pvalb:Cre,1223,2342,pass,,,,,,,,0,0,0,?,Y,
M035692000212,M035692000212;Cntnap2-KO,96990,B10,M,Cntnap2:KO,412,2275,pass,,,,,,,,0,0,0,?,Y,
M035692000212,M035692000212;Pvalb-cre,96990,B10,M,Pvalb:Cre,1223,2342,pass,,,,,,,,0,0,0,?,Y,
M035692100213,M035692100213;Cntnap2-KO,96990,C10,M,Cntnap2:KO,412,2275,pass,,,,,,,,0,0,0,?,Y,
M035692100213,M035692100213;Pvalb-cre,96990,C10,M,Pvalb:Cre,1223,2342,pass,,,,,,,,0,0,0,?,Y,
M035692200214,M035692200214;Cntnap2-KO,96990,D10,M,Cntnap2:KO,412,2275,pass,,,,,,,,0,0,0,?,Y,
M035692200214,M035692200214;Pvalb-cre,96990,D10,M,Pvalb:Cre,1223,2342,pass,,,,,,,,0,0,0,?,Y,
M035692300215,M035692300215;Cntnap2-KO,96990,E10,M,Cntnap2:KO,412,2275,pass,,,,,,,,0,0,0,?,Y,
M035692300215,M035692300215;Pvalb-cre,96990,E10,M,Pvalb:Cre,1223,2342,pass,,,,,,,,0,0,0,?,Y,
M035790400006,M035790400006;Gbp-clus6-chr5-F0M6,96969,H7,F,5(Gbp11-Gbp6-Gbp10):KO,2032,2296,pass,Gbp-clus6-chr5-F0M6_WT,Gbp-clus6-chr5-F0M6_MUT-Del(Gbp11-Gbp6-Gbp10):KO,,,,,,0.683,0.72,0.72,?,Y,
M035847800059,M035847800059;Mdm2,96969,D5,M,Mdm2:C305F,464,2345,pass,,,,,,,,0,0,0,?,Y,
M035847900060,M035847900060;Mdm2,96969,E5,M,Mdm2:C305F,464,2345,pass,,,,,,,,0,0,0,?,Y,
M035875900019,M035875900019;Drosha-fl,96969,B2,F,Drosha:Flox,1954,2344,pass,Drosha-fl_WT,Drosha-fl_MUT-fl:Flox,,,,,,0.381,0.32,0.32,?,Y,
M035876100021,M035876100021;Drosha-fl,96969,D2,F,Drosha:Flox,1954,2344,pass,Drosha-fl_WT,Drosha-fl_MUT-fl:Flox,,,,,,0.398,0.32,0.32,?,Y,
M035876200022,M035876200022;Crb1-Rd8,96969,E2,F,Crb1:Rd8,372,2115,pass,,,,,,,,0,0,0,?,Y,
M035876200022,M035876200022;Drosha-fl,96969,E2,F,Drosha:Flox,1954,2344,pass,,,,,,,,0,0,0,?,Y,
M035876300023,M035876300023;Drosha-fl,96969,F2,F,Drosha:Flox,1954,2344,pass,Drosha-fl_WT,Drosha-fl_MUT-fl:Flox,,,,,,0.411,0.34,0.34,?,Y,
M035876600026,M035876600026;Drosha-fl,96969,A3,M,Drosha:Flox,1954,2344,pass,Drosha-fl_WT,Drosha-fl_MUT-fl:Flox,,,,,,0.389,0.33,0.33,?,Y,
M035922200019,M035922200019;Bcl6-fl,96990,A3,F,Bcl6:Flox,1682,2244,pass,,,,,,,,0,0,0,?,Y,
M035922400021,M035922400021;Bcl6-fl,96990,C3,F,Bcl6:Flox,1682,2244,pass,,,,,,,,0,0,0,?,Y,
M035922400021,M035922400021;Foxp3-YFP-icre,96990,C3,F,Foxp3:YFP/icre,1385,2243,pass,Foxp3-YFP-icre_WT,Foxp3-YFP-icre_MUT:YFP/icre,,,,,,0.745,0.83,0.83,?,Y,
M035922900026,M035922900026;Bcl6-fl,96990,E3,M,Bcl6:Flox,1682,2244,pass,,,,,,,,0,0,0,?,Y,
M035927300018,M035927300018;Dock11-F0M3-del13,96969,E8,M,Dock11:F0#3-g4-13bpDel,1276,2350,pass,,,,,,,,0,0,0,?,Y,
M035930400030,M035930400030;Drosha-fl,96969,E3,F,Drosha:Flox,1954,2344,pass,Drosha-fl_WT,Drosha-fl_MUT-fl:Flox,,,,,,0.427,0.33,0.33,?,Y,
M035930900035,M035930900035;Drosha-fl,96969,B4,F,Drosha:Flox,1954,2344,pass,Drosha-fl_WT,Drosha-fl_MUT-fl:Flox,,,,,,0.403,0.32,0.32,?,Y,
M035947900016,M035947900016;R26-PfCSP-mCherry,96984,H3,F,Gt(ROSA)26Sor:tm1(LPfCSPrev-mCherry)Anu,2027,2314,pass,R26-PfCSP-mCherry_WT,R26-PfCSP-mCherry_MUT:tm1(LPfCSPrev-mCherry)Anu,,,,,,0.669,0.68,0.68,?,Y,
M035948000017,M035948000017;R26-PfCSP-mCherry,96984,A3,M,Gt(ROSA)26Sor:tm1(LPfCSPrev-mCherry)Anu,2027,2314,pass,R26-PfCSP-mCherry_WT,R26-PfCSP-mCherry_MUT:tm1(LPfCSPrev-mCherry)Anu,,,,,,0.653,0.72,0.72,?,Y,
M035979100022,M035979100022;Dock11-F0M3-del13,96969,A9,F,Dock11:F0#3-g4-13bpDel,1276,2350,pass,,,,,,,,0,0,0,?,Y,
M035979200023,M035979200023;Dock11-F0M3-del13,96969,B9,F,Dock11:F0#3-g4-13bpDel,1276,2350,pass,,,,,,,,0,0,0,?,Y,
M035979800029,M035979800029;Dock11-F0M3-del13,96969,H9,M,Dock11:F0#3-g4-13bpDel,1276,2350,pass,,,,,,,,0,0,0,?,Y,
M035980000064,M035980000064;Mdm2,96969,A6,F,Mdm2:C305F,464,2345,pass,,,,,,,,0,0,0,?,Y,
M035980100065,M035980100065;Mdm2,96969,B6,F,Mdm2:C305F,464,2345,pass,,,,,,,,0,0,0,?,Y,
M035980200066,M035980200066;Rps6-fl,96969,C6,M,Rps6:Flox,1328,2346,pass,,,,,,,,0,0,0,?,Y,
M035980300067,M035980300067;Mdm2,96969,D6,M,Mdm2:C305F,464,2345,pass,,,,,,,,0,0,0,?,Y,
M035982500014,M035982500014;Gbp-chr3,96969,H11,F,3Gbp2-ps-Gbp5:KO,1407,2215,pass,,,,,,,,0,0,0,?,Y,
M035982800017,M035982800017;Gbp-chr3,96969,C12,F,3Gbp2-ps-Gbp5:KO,1407,2215,pass,Gbp-chr3_WT,Gbp-chr3_MUT-Del(3Gbp2-Gbp5):KO,,,,,,0.668,0.83,0.73,?,Y,
M035984300048,M035984300048;R26-Ai32,96969,F10,F,Gt(ROSA)26Sor:Ai32,113,2297,pass,,,,,,,,0,0,0,?,Y,
M035984400049,M035984400049;R26-Ai32,96969,G10,F,Gt(ROSA)26Sor:Ai32,113,2297,pass,,,,,,,,0,0,0,?,Y,
M035984500050,M035984500050;R26-Ai32,96969,H10,F,Gt(ROSA)26Sor:Ai32,113,2297,pass,,,,,,,,0,0,0,?,Y,
M035984600051,M035984600051;R26-Ai32,96969,A11,F,Gt(ROSA)26Sor:Ai32,113,2297,pass,,,,,,,,0,0,0,?,Y,
M035984700052,M035984700052;R26-Ai32,96969,B11,F,Gt(ROSA)26Sor:Ai32,113,2297,pass,,,,,,,,0,0,0,?,Y,
M035984800053,M035984800053;R26-Ai32,96969,C11,M,Gt(ROSA)26Sor:Ai32,113,2297,pass,,,,,,,,0,0,0,?,Y,
M035984900054,M035984900054;R26-Ai32,96969,D11,M,Gt(ROSA)26Sor:Ai32,113,2297,pass,,,,,,,,0,0,0,?,Y,
M035985000055,M035985000055;R26-Ai32,96969,E11,M,Gt(ROSA)26Sor:Ai32,113,2297,pass,,,,,,,,0,0,0,?,Y,
M035988900116,M035988900116;Hpse,96990,G1,M,Hpse:KO,1620,2336,pass,Hpse_WT,Hpse_MUT-KO:KO,,,,,,0.617,0.34,0.34,?,Y,
M035991100028,M035991100028;Foxp3-YFP-icre,96990,D3,F,Foxp3:YFP/icre,1385,2243,pass,Foxp3-YFP-icre_WT,Foxp3-YFP-icre_MUT:YFP/icre,,,,,,0.762,0.28,0.28,?,Y,
M035991200029,M035991200029;Bcl6-fl,96990,G3,F,Bcl6:Flox,1682,2244,pass,,,,,,,,0,0,0,?,Y,
M035991400031,M035991400031;Bcl6-fl,96990,A4,F,Bcl6:Flox,1682,2244,pass,,,,,,,,0,0,0,?,Y,
M035991400031,M035991400031;Foxp3-YFP-icre,96990,A4,F,Foxp3:YFP/icre,1385,2243,pass,Foxp3-YFP-icre_WT,Foxp3-YFP-icre_MUT:YFP/icre,,,,,,0.727,0.66,0.66,?,Y,
M035993800008,M035993800008;Casp4-KO,96990,F4,F,Casp4:KO,474,2138,pass,,,,,,,,0,0,0,?,Y,
M035993900009,M035993900009;Aim2-ex5-KO,96990,G4,F,Aim2:KO,785,2274,pass,Aim2-ex5_WT,Aim2-ex5_MUT:KO,,,,,,0.497,0.7,0.7,?,Y,
M035994000010,M035994000010;Casp4-KO,96990,H4,F,Casp4:KO,474,2138,pass,,,,,,,,0,0,0,?,Y,
M035994100011,M035994100011;Casp4-KO,96990,A5,F,Casp4:KO,474,2138,pass,,,,,,,,0,0,0,?,Y,
M035994200012,M035994200012;Casp4-KO,96990,B5,F,Casp4:KO,474,2138,pass,,,,,,,,0,0,0,?,Y,
M035994300013,M035994300013;Casp4-KO,96990,C5,F,Casp4:KO,474,2138,pass,,,,,,,,0,0,0,?,Y,
M035994400014,M035994400014;Casp4-KO,96990,D5,F,Casp4:KO,474,2138,pass,,,,,,,,0,0,0,?,Y,
M035994500015,M035994500015;Casp4-KO,96990,E5,F,Casp4:KO,474,2138,pass,,,,,,,,0,0,0,?,Y,
M035994600016,M035994600016;Casp4-KO,96990,F5,M,Casp4:KO,474,2138,pass,,,,,,,,0,0,0,?,Y,
M035994700017,M035994700017;Casp4-KO,96990,G5,M,Casp4:KO,474,2138,pass,,,,,,,,0,0,0,?,Y,
M035994800018,M035994800018;Casp4-KO,96990,H5,M,Casp4:KO,474,2138,pass,,,,,,,,0,0,0,?,Y,
M035994900019,M035994900019;Casp4-KO,96990,A6,M,Casp4:KO,474,2138,pass,,,,,,,,0,0,0,?,Y,
M035995400001,M035995400001;Cgas-tm1d,96990,B6,F,Cgas:tm1d,421,2156,pass,Cgas-tm1d_WT,Cgas-tm1d_MUT-tm1d:tm1d,,,,,,0.588,0.17,0.17,?,Y,
M035995600003,M035995600003;Cgas-tm1d,96990,D6,F,Cgas:tm1d,421,2156,pass,Cgas-tm1d_WT,Cgas-tm1d_MUT-tm1d:tm1d,,,,,,0.597,0.75,0.75,?,Y,
M036000900016,M036000900016;Ifnar1-KO,96990,C7,F,Ifnar1:KO,902,2339,pass,,,,,,,,0,0,0,?,Y,
M036001000017,M036001000017;Ifnar1-KO,96990,D7,F,Ifnar1:KO,902,2339,pass,,,,,,,,0,0,0,?,Y,
M036001100018,M036001100018;Ifnar1-KO,96990,E7,F,Ifnar1:KO,902,2339,pass,,,,,,,,0,0,0,?,Y,
M036001200019,M036001200019;Ifnar1-KO,96990,F7,M,Ifnar1:KO,902,2339,pass,,,,,,,,0,0,0,?,Y,
M036001300020,M036001300020;Ifnar1-KO,96990,G7,M,Ifnar1:KO,902,2339,pass,,,,,,,,0,0,0,?,Y,
M036001400021,M036001400021;Ifnar1-KO,96990,H7,M,Ifnar1:KO,902,2339,pass,,,,,,,,0,0,0,?,Y,
M036002000117,M036002000117;Hpse,96990,H1,F,Hpse:KO,1620,2336,pass,Hpse_WT,Hpse_MUT-KO:KO,,,,,,0.619,0.67,0.67,?,Y,
M036002200119,M036002200119;Hpse,96990,B2,F,Hpse:KO,1620,2336,pass,Hpse_WT,Hpse_MUT-KO:KO,,,,,,0.58,0.23,0.23,?,Y,
M036002600123,M036002600123;Hpse,96990,F2,M,Hpse:KO,1620,2336,pass,Hpse_WT,Hpse_MUT-KO:KO,,,,,,0.566,0.17,0.17,?,Y,
M036002800125,M036002800125;Hpse,96990,H2,M,Hpse:KO,1620,2336,pass,Hpse_WT,Hpse_MUT-KO:KO,,,,,,0.611,0.3,0.3,?,Y,
M036052900001,M036052900001;Casp1-KO,96990,F6,F,Casp1:KO,775,2338,pass,,,,,,,,0,0,0,?,Y,
M036053000002,M036053000002;Casp1-KO,96990,G6,F,Casp1:KO,775,2338,pass,,,,,,,,0,0,0,?,Y,
M035659900154,M035659900154;Pvalb-cre,96990,G8,F,Pvalb:Cre,1223,2342,pass,Pvalb-cre_WT,,,,,,,0.411,0,0,?,Y,
M035660000155,M035660000155;Pvalb-cre,96990,H8,F,Pvalb:Cre,1223,2342,pass,Pvalb-cre_WT,,,,,,,0.4,0,0,?,Y,
M035660200157,M035660200157;Pvalb-cre,96990,B9,M,Pvalb:Cre,1223,2342,pass,Pvalb-cre_WT,,,,,,,0.403,0,0,?,Y,
M035660500160,M035660500160;Pvalb-cre,96990,E9,M,Pvalb:Cre,1223,2342,pass,Pvalb-cre_WT,,,,,,,0.412,0,0,?,Y,
M035979700028,M035979700028;Dock11-F0M3-del13,96969,G9,M,Dock11:F0#3-g4-13bpDel,1276,2350,pass,Dock11-F0M3_MUT-13del:F0#3-g4-13bpDel,,,,,,,0.577,1,1,?,Y,
M035982900018,M035982900018;Gbp-chr3,96969,D12,F,3Gbp2-ps-Gbp5:KO,1407,2215,pass,Gbp-chr3_WT,Gbp-chr3_MUT-Del(3Gbp2-Gbp5):KO,,,,,,0.678,0.73,0.63,?,Y,
M035983100020,M035983100020;Gbp-chr3,96984,A12,M,3Gbp2-ps-Gbp5:KO,1407,2215,pass,Gbp-chr3_WT,Gbp-chr3_MUT-Del(3Gbp2-Gbp5):KO,,,,,,0.66,0.65,0.65,?,Y,
M035993800008,M035993800008;Aim2-ex5-KO,96990,F4,F,Aim2:KO,785,2274,pass,Aim2-ex5_WT,Aim2-ex5_MUT:KO,,,,,,0.437,0.52,0.52,?,Y,
M035993900009,M035993900009;Casp4-KO,96990,G4,F,Casp4:KO,474,2138,pass,Casp4-KO_WT,,,,,,,0.587,0,0,?,Y,
M036012500168,M036012500168;Smc1a-ex17,96990,H10,F,Smc1a:R895G,2041,2302,pass,Smc1a-ex17_WT,,,,,,,0.492,0,0,?,Y,
M036012600169,M036012600169;Smc1a-ex17,96990,A11,F,Smc1a:R895G,2041,2302,pass,Smc1a-ex17_WT,,,,,,,0.663,0,0,?,Y,
M036012700170,M036012700170;Smc1a-ex17,96990,B11,F,Smc1a:R895G,2041,2302,pass,Smc1a-ex17_WT,,,,,,,0.309,0,0,?,Y,
M036012800171,M036012800171;Smc1a-ex17,96990,C11,F,Smc1a:R895G,2041,2302,pass,Smc1a-ex17_WT,,,,,,,0.317,0,0,?,Y,
M036012900172,M036012900172;Smc1a-ex17,96990,D11,F,Smc1a:R895G,2041,2302,pass,Smc1a-ex17_WT,,,,,,,0.34,0,0,?,Y,
